role_in_narrative,distance,k,sigma_multiplier,sigma_reference_median,sigma,numeric_gower_silhouette_exact,spectral_silhouette_exact,eigengap,cluster_sizes,valid_cluster_sizes
numeric_selected,numeric_gower_mean_l1,4,2.0,0.04317566007375717,0.08635132014751434,0.027910536917077913,0.3918907512357361,0.005371856022360955,"[918, 1055, 972, 806]",True
numeric_k2_macrostructure,numeric_gower_mean_l1,2,2.0,0.04317566007375717,0.08635132014751434,0.858683276265221,0.9995236415066624,0.7936923908921417,"[3748, 3]",False
numeric_k3_intermediate_check,numeric_gower_mean_l1,3,2.0,0.04317566007375717,0.08635132014751434,0.0037516170179921916,0.5775792556832365,0.003548403790348046,"[1171, 1218, 1362]",True
numeric_k4_refinement,numeric_gower_mean_l1,4,2.0,0.04317566007375717,0.08635132014751434,0.027457708266070795,0.39185704080235806,0.005371856022360896,"[1055, 922, 973, 801]",True
