,k3_cluster_0,k3_cluster_1,k3_cluster_2
k2_cluster_0,36.33938100320171,32.41728922091782,31.24332977588047
k2_cluster_1,0.0,100.0,0.0
