,numeric_cluster_0,numeric_cluster_1,numeric_cluster_2,numeric_cluster_3
reference_cluster_0,27.99145299145299,44.55128205128205,2.3504273504273505,25.10683760683761
reference_cluster_1,11.178861788617885,72.96747967479675,0.0,15.853658536585366
reference_cluster_2,17.897727272727273,3.977272727272727,47.44318181818182,30.681818181818183
reference_cluster_3,32.83346487766377,12.233622730860299,21.941594317284924,32.991318074191
