,numeric_cluster_0,numeric_cluster_1,numeric_cluster_2,numeric_cluster_3
reference_cluster_0,27.549947423764458,43.953732912723446,2.3133543638275498,26.18296529968454
reference_cluster_1,11.530398322851152,75.05241090146751,0.0,13.417190775681343
reference_cluster_2,17.897727272727273,3.977272727272727,47.44318181818182,30.681818181818183
reference_cluster_3,32.83346487766377,12.233622730860299,21.941594317284924,32.991318074191
