feature_1,feature_2,coefficient,abs_coefficient
D540,D638,0.978941940075934,0.978941940075934
D856,D857,0.9657857063906335,0.9657857063906335
