kmeans_cluster,n_samples,activity_0_count,activity_1_count,activity_1_fraction,global_activity_1_fraction,activity_1_enrichment
0,3678,1672,2006,0.545405111473627,0.5422553985603839,0.0031497129132431745
1,73,45,28,0.3835616438356164,0.5422553985603839,-0.15869375472476743
