{
  "overall_silhouette": 0.687257730341869,
  "cluster_size_ratio_large_to_small": 50.38356164383562
}