cluster,n_samples,fraction,silhouette_mean,silhouette_median,silhouette_minimum,silhouette_maximum
0,3678,0.9805385230605171,0.7044172454871807,0.733104146770488,0.1399639520293689,0.7844899867050278
1,73,0.019461476939482806,-0.17729975876027226,-0.1947733601795185,-0.4201217851597119,0.09634439832605583
