k,inertia,silhouette,calinski_harabasz,davies_bouldin
2,2133126.5519261267,0.717618752253175,378.4111294804412,1.7013885406634977
3,2016470.7232149066,0.4555837214147717,308.511685562237,2.263844628088364
4,1912849.0196547003,0.3566196391199064,284.41835600821975,2.035382731922071
5,1844982.3243767708,0.208706508074932,255.550032649421,2.4828431259368795
6,1788069.2850899221,0.044753106539663114,234.73106639574561,2.4262894829987567
7,1750751.4631240433,0.052279757357348085,213.02660355838782,2.4379253309010602
8,1707472.8860501803,0.0389185773101372,200.72509799147917,2.421876395162305
9,1673770.1468426841,0.033523724735660294,188.54166799466896,2.483017816671754
10,1640391.6052578352,0.03378246612624419,179.4150027848473,2.4433906454275016
