role_in_narrative,gower_configuration,numerical_block_weight,binary_block_weight,k,sigma_multiplier,sigma_reference_median,sigma,gower_silhouette_exact,spectral_silhouette_exact,eigengap,cluster_sizes,valid_cluster_sizes
quantile_classical_selected,quantile_classical,,,2,2.0,0.29382097721099854,0.5876419544219971,0.216403683758299,0.6550793849670504,0.019032437045991425,"[2323, 1428]",True
quantile_balanced_selected,quantile_weighted_alpha_0.5,0.5,0.5,4,0.5,0.4916748106479645,0.24583740532398224,0.14855106013423294,0.8026075566153157,0.053911305130100395,"[1056, 982, 1267, 446]",True
quantile_balanced_k2,quantile_weighted_alpha_0.5,0.5,0.5,2,0.5,0.4916748106479645,0.24583740532398224,0.14234366282815936,0.8535227049457783,0.11385196219198987,"[1428, 2323]",True
quantile_balanced_k3,quantile_weighted_alpha_0.5,0.5,0.5,3,0.5,0.4916748106479645,0.24583740532398224,0.14509619348208935,0.6570788798790541,0.03689947081034067,"[1267, 1428, 1056]",True
quantile_balanced_k4,quantile_weighted_alpha_0.5,0.5,0.5,4,0.5,0.4916748106479645,0.24583740532398224,0.14855106013423294,0.802607556615316,0.05391130513009995,"[1056, 1267, 446, 982]",True
