,mixed_quantile_cluster_0,mixed_quantile_cluster_1,mixed_quantile_cluster_2
reference_cluster_0,49.55947136563877,20.26431718061674,30.176211453744493
reference_cluster_1,33.16912972085386,61.24794745484401,5.582922824302135
reference_cluster_2,16.05465414175918,2.9035012809564473,81.04184457728437
