,mixed_quantile_cluster_0,mixed_quantile_cluster_1,mixed_quantile_cluster_2
reference_cluster_0,68.82276843467011,26.714100905562745,4.463130659767141
reference_cluster_1,25.729244577412118,41.8848167539267,32.38593866866118
reference_cluster_2,2.3041474654377883,33.87096774193548,63.824884792626726
