,k4_cluster_0,k4_cluster_1,k4_cluster_2,k4_cluster_3
k2_cluster_0,66.59663865546219,33.403361344537814,0.0,0.0
k2_cluster_1,0.0,0.0,45.4584588893672,54.54154111063281
