cluster,size,activity_0,activity_1,activity_1_fraction,cluster_fraction
0,2757,1146,1611,0.5843307943416758,0.7350039989336177
1,994,571,423,0.4255533199195171,0.2649960010663823
