k,n_original_features,n_pca_components,explained_variance,inertia,silhouette,davies_bouldin,calinski_harabasz
2,942,120,0.900902845357813,19186.140688329022,0.1007817676259263,2.8112378430428864,309.5142696384351
3,942,120,0.900902845357813,17975.62140476002,0.08851335818045311,2.862916557401664,291.3342011870905
