cluster,size,activity_0,activity_1,activity_1_fraction,cluster_fraction
0,920,531,389,0.42282608695652174,0.24526792855238602
1,2114,831,1283,0.6069063386944181,0.5635830445214609
2,717,355,362,0.504881450488145,0.19114902692615302
