cluster,size,activity_0,activity_1,activity_1_fraction,cluster_fraction
0,1258,499,759,0.6033386327503975,0.33537723273793657
1,105,65,40,0.38095238095238093,0.027992535323913624
2,951,548,403,0.4237644584647739,0.2535323913623034
3,1437,605,832,0.5789839944328462,0.38309784057584645
