,k3_cluster_0,k3_cluster_1,k3_cluster_2
k2_cluster_0,58.81953867028494,30.73270013568521,10.44776119402985
k2_cluster_1,0.0,38.866930171278,61.133069828722
