,k4_cluster_0,k4_cluster_1,k4_cluster_2,k4_cluster_3
k2_cluster_0,42.808683853459975,34.531886024423336,15.061058344640434,7.598371777476255
k2_cluster_1,7.246376811594203,6.368028107158542,32.498902064119456,53.8866930171278
