,k4_cluster_0,k4_cluster_1,k4_cluster_2,k4_cluster_3
k2_cluster_0,53.8664323374341,32.51318101933216,7.249560632688929,6.370826010544815
k2_cluster_1,7.661016949152542,15.050847457627118,42.77966101694915,34.50847457627118
