,numeric_cluster_0,numeric_cluster_1,numeric_cluster_2,numeric_cluster_3
reference_cluster_0,61.75213675213676,6.730769230769231,6.517094017094018,25.0
reference_cluster_1,82.72357723577237,0.6097560975609756,0.0,16.666666666666664
reference_cluster_2,3.787878787878788,33.14393939393939,39.96212121212121,23.106060606060606
reference_cluster_3,24.78295185477506,18.784530386740332,24.704025256511443,31.728492501973165
