,numeric_cluster_0,numeric_cluster_1,numeric_cluster_2
reference_cluster_0,44.19889502762431,32.59668508287293,23.204419889502763
reference_cluster_1,24.089635854341736,74.50980392156863,1.400560224089636
reference_cluster_2,41.003787878787875,6.534090909090909,52.46212121212122
