,numeric_cluster_0,numeric_cluster_1
reference_cluster_0,92.78711484593838,7.212885154061624
reference_cluster_1,40.93844167025399,59.06155832974602
