,numeric_cluster_0,numeric_cluster_1,numeric_cluster_2,numeric_cluster_3
reference_cluster_0,60.98843322818086,6.624605678233439,6.414300736067298,25.9726603575184
reference_cluster_1,84.90566037735849,0.628930817610063,0.0,14.465408805031446
reference_cluster_2,3.787878787878788,33.14393939393939,39.96212121212121,23.106060606060606
reference_cluster_3,24.78295185477506,18.784530386740332,24.704025256511443,31.728492501973165
