,numeric_cluster_0,numeric_cluster_1,numeric_cluster_2
reference_cluster_0,52.237710931768156,13.426265590608951,34.33602347762289
reference_cluster_1,44.58128078817734,55.25451559934319,0.16420361247947454
reference_cluster_2,7.094017094017094,0.9401709401709402,91.96581196581197
