,numeric_cluster_0,numeric_cluster_1,numeric_cluster_2,numeric_cluster_3
reference_cluster_0,79.58214624881292,1.3295346628679963,3.608736942070275,15.479582146248813
reference_cluster_1,3.1958762886597936,86.3917525773196,5.77319587628866,4.639175257731959
reference_cluster_2,0.0,52.77475516866159,24.26550598476605,22.95973884657236
reference_cluster_3,11.495673671199011,0.2472187886279357,41.65636588380717,46.600741656365884
