,numeric_cluster_0,numeric_cluster_1,numeric_cluster_2
reference_cluster_0,52.12922173274597,13.729809104258445,34.140969162995596
reference_cluster_1,44.827586206896555,55.008210180623976,0.16420361247947454
reference_cluster_2,6.917164816396243,0.9393680614859093,92.14346712211785
