activity_chi2,activity_chi2_p_value,activity_chi2_dof,activity_cramers_v,activity_nmi,minimum_expected_frequency
41.3556146140897,5.496602315147035e-09,3,0.1050010658869738,0.005618852066589696,174.40069314849373
