row_cluster,target_value,observed_count,expected_count,standardized_residual,within_cluster_fraction
0,0,262,308.97760597174084,-2.6725594763884453,0.38814814814814813
0,1,413,366.02239402825916,2.4554836814879875,0.6118518518518519
1,0,550,584.5398560383898,-1.4286092538995843,0.4306969459671104
1,1,727,692.4601439616102,1.3125719899463504,0.5693030540328896
2,0,740,649.0818448413756,3.5686247554256143,0.5218617771509168
2,1,678,768.9181551586244,-3.2787670133138076,0.4781382228490832
3,0,165,174.40069314849373,-0.7118455486094707,0.4330708661417323
3,1,216,206.59930685150627,0.6540266526500178,0.5669291338582677
