row_cluster,n_rows,row_fraction,target_1_count,target_1_fraction,target_0_count,target_0_fraction
0,675,0.17995201279658757,413,0.6118518518518519,262,0.38814814814814813
1,1277,0.34044254865369233,727,0.5693030540328896,550,0.4306969459671104
2,1418,0.37803252466009063,678,0.4781382228490832,740,0.5218617771509168
3,381,0.10157291388962943,216,0.5669291338582677,165,0.4330708661417323
