cluster,0,1
0,47.86641929499073,52.13358070500927
1,40.43560606060606,59.564393939393945
