cluster,0,1
0,43.0939226519337,56.9060773480663
1,47.368421052631575,52.63157894736842
2,41.676104190260475,58.323895809739525
3,34.104046242774565,65.89595375722543
4,55.60975609756098,44.390243902439025
