cluster,0,1
0,52.10084033613446,47.89915966386555
1,43.0939226519337,56.9060773480663
2,34.104046242774565,65.89595375722543
3,41.676104190260475,58.323895809739525
