role_in_narrative,distance,k,sigma_multiplier,sigma_reference_median,sigma,numeric_gower_silhouette_exact,spectral_silhouette_exact,eigengap,cluster_sizes,valid_cluster_sizes
numeric_selected,numeric_gower_mean_l1,4,2.0,0.04317566007375717,0.08635132014751434,0.027540465218198033,0.3918610594499858,0.005371856022361059,"[809, 970, 1053, 919]",True
numeric_k2_macrostructure,numeric_gower_mean_l1,2,2.0,0.04317566007375717,0.08635132014751434,0.858683276265221,0.9995236415067313,0.7936923908921417,"[3748, 3]",False
numeric_k3_intermediate_check,numeric_gower_mean_l1,3,2.0,0.04317566007375717,0.08635132014751434,0.003748941116570491,0.5776215747271148,0.003548403790348334,"[1170, 1218, 1363]",True
numeric_k4_refinement,numeric_gower_mean_l1,4,2.0,0.04317566007375717,0.08635132014751434,0.027540465218198033,0.3918610594499858,0.005371856022361059,"[809, 970, 1053, 919]",True
