,k3_cluster_0,k3_cluster_1,k3_cluster_2
k2_cluster_0,36.36606189967983,32.41728922091782,31.21664887940235
k2_cluster_1,0.0,100.0,0.0
