,k4_cluster_0,k4_cluster_1,k4_cluster_2,k4_cluster_3
k2_cluster_0,28.094983991462115,25.880469583778016,24.51974386339381,21.504802561366063
k2_cluster_1,0.0,0.0,0.0,100.0
