role_in_narrative,distance,k,sigma_multiplier,sigma_reference_median,sigma,jaccard_silhouette_exact,spectral_silhouette_exact,eigengap,cluster_sizes,valid_cluster_sizes
binary_selected,asymmetric_jaccard,4,0.5,0.8130081295967102,0.4065040647983551,0.1848348813814173,0.8484510274285815,0.08400253878426428,"[492, 1267, 1056, 936]",True
binary_k2_macrostructure,asymmetric_jaccard,2,0.5,0.8130081295967102,0.4065040647983551,0.1618335495347653,0.8920083359586404,0.10446272003780599,"[1428, 2323]",True
binary_k3_intermediate_check,asymmetric_jaccard,3,0.5,0.8130081295967102,0.4065040647983551,0.16465339593632541,0.6918272051858207,0.04162703590827929,"[1056, 1428, 1267]",True
binary_k4_refinement,asymmetric_jaccard,4,0.5,0.8130081295967102,0.4065040647983551,0.1848348813814173,0.8484510274288117,0.0840025387842645,"[1056, 936, 1267, 492]",True
