cluster,row_sum_mean,nonzero_features_mean,mean_feature_value_mean,row_sum_median,nonzero_features_median,mean_feature_value_median,cluster_size,cluster_fraction
0,83.72633149761204,181.3767507002801,0.05497461030703351,86.43217055699999,181.0,0.05675126103545633,1428,0.38069848040522525
1,147.52090287182241,278.40726124704025,0.09686205047394775,145.911302741,273.0,0.09580518893040052,1267,0.3377765929085577
2,262.1781989691449,424.48295454545456,0.17214589558052848,244.36971289849998,407.0,0.16045286467399866,1056,0.28152492668621704
