cluster,row_sum_mean,nonzero_features_mean,mean_feature_value_mean,row_sum_median,nonzero_features_median,mean_feature_value_median,cluster_size,cluster_fraction
0,257.848852626224,419.11917562724017,0.1693032518885253,239.940957057,402.0,0.1575449488227183,1116,0.2975206611570248
1,112.17117415474003,224.76850094876662,0.07365146037737363,107.596921301,222.0,0.07064801135981615,2635,0.7024793388429752
