k,gamma,silhouette_original,silhouette_spectral,cluster_sizes,cluster_fractions
2,0.001,0.22413296234776364,0.6825241609398289,"{0: 1116, 1: 2635}","{0: 0.2975206611570248, 1: 0.7024793388429752}"
3,0.001,0.1084075440508907,0.8502688866032995,"{0: 1428, 1: 1267, 2: 1056}","{0: 0.38069848040522525, 1: 0.3377765929085577, 2: 0.28152492668621704}"
