k,n_components,explained_variance,inertia,silhouette,davies_bouldin,calinski_harabasz
3,246,0.900409879947796,214808.00267376524,0.12259962214063264,2.3796555004799242,522.1340006441854
4,246,0.900409879947796,204416.07781336756,0.13469803202489644,2.413867194620573,429.1831625324412
