cluster,size,activity_0,activity_1,activity_1_fraction,fraction
0,1267,546,721,0.569060773480663,0.3377765929085577
1,1428,744,684,0.4789915966386555,0.38069848040522525
2,1056,427,629,0.5956439393939394,0.28152492668621704
