cluster,size,activity_0,activity_1,activity_1_fraction,fraction
0,173,59,114,0.6589595375722543,0.04612103439082911
1,1428,744,684,0.4789915966386555,0.38069848040522525
2,883,368,515,0.5832389580973952,0.23540389229538788
3,1267,546,721,0.569060773480663,0.3377765929085577
