row_cluster,0,1
0,0.4306969459671104,0.5693030540328896
1,0.4308093994778068,0.5691906005221932
2,0.5218617771509168,0.4781382228490832
3,0.38930163447251115,0.6106983655274889
