column_cluster,n_features,n_binary,n_numeric,binary_fraction
0,988,371,617,0.37550607287449395
1,181,153,28,0.8453038674033149
2,63,33,30,0.5238095238095238
3,291,271,20,0.9312714776632303
