cluster,n_samples,sample_fraction,mean_silhouette,median_silhouette,minimum_silhouette,activity_1_fraction,activity_1_enrichment
0,3551,0.9466808850973074,0.193805992603302,0.22259335219860077,-0.25260916352272034,0.5528020275978598,0.01054662903747594
1,200,0.053319114902692616,0.1574932336807251,0.1645621359348297,-0.009726914577186108,0.355,-0.18725539856038387
