method,n_row_clusters,n_column_clusters,n_blocks,seed,model_id,column_cluster,n_features,feature_cluster_fraction,n_binary_features,n_numeric_features,binary_feature_fraction,numeric_feature_fraction,n_sparse_features,sparse_feature_fraction,mean_feature_zero_fraction,median_feature_zero_fraction,minimum_feature_zero_fraction,maximum_feature_zero_fraction,mean_feature_value,mean_feature_std,median_unique_values
bistochastic,4,8,32,42,bistochastic_r4_c8_seed42,0,24,0.015758371634931056,24,0,1.0,0.0,0,0.0,0.5470319026037501,0.5529192215409224,0.3681684884030925,0.7126099706744868,0.45296809739624994,0.4899908799355039,2.0
bistochastic,4,8,32,42,bistochastic_r4_c8_seed42,1,934,0.613263296126067,339,595,0.36295503211991437,0.6370449678800857,619,0.6627408993576017,0.8999972598313539,0.9726739536123701,0.0,0.9898693681684884,0.019000187750441423,0.08629670012012094,6.0
bistochastic,4,8,32,42,bistochastic_r4_c8_seed42,2,51,0.0334865397242285,51,0,1.0,0.0,0,0.0,0.8181975002744365,0.8288456411623567,0.6928818981604905,0.8890962410023994,0.1818024997255634,0.3816181764269797,2.0
bistochastic,4,8,32,42,bistochastic_r4_c8_seed42,3,35,0.02298095863427446,18,17,0.5142857142857142,0.4857142857142857,0,0.0,0.14272003656167878,0.10717142095441215,0.0,0.37509997334044254,0.7467209981349658,0.2678199735872657,2.0
bistochastic,4,8,32,42,bistochastic_r4_c8_seed42,4,193,0.12672357189757058,191,2,0.9896373056994818,0.010362694300518135,7,0.03626943005181347,0.9158801176335705,0.9192215409224207,0.7307384697414023,0.9570781125033324,0.08298617152527202,0.2719182488349861,2.0
bistochastic,4,8,32,42,bistochastic_r4_c8_seed42,5,44,0.028890347997373604,24,20,0.5454545454545454,0.45454545454545453,0,0.0,0.30328276096071344,0.44308184484137564,0.0,0.6307651292988536,0.4860564282252126,0.33901328432858757,2.0
bistochastic,4,8,32,42,bistochastic_r4_c8_seed42,6,152,0.09980302035456336,104,48,0.6842105263157895,0.3157894736842105,0,0.0,0.6288638819121918,0.7901892828579046,0.0,0.9104238869634764,0.1731635552065923,0.3081588663686315,2.0
bistochastic,4,8,32,42,bistochastic_r4_c8_seed42,7,90,0.05909389363099146,77,13,0.8555555555555555,0.14444444444444443,0,0.0,0.602911816108297,0.6814182884564116,0.0,0.786990135963743,0.3085005212728636,0.41379747614066714,2.0
