representation,n_components,retained_variance,silhouette,small_cluster_size,overlap_with_baseline_count,jaccard_with_baseline_small_cluster,precision_against_baseline_small_cluster,recall_of_baseline_small_cluster,ari_against_baseline_partition
standard_scaler,156,0.9008387168888173,0.687257730341869,73,73,1.0,1.0,1.0,1.0
log1p_standard_scaler,159,0.900045203576899,0.6550358791723655,85,73,0.8588235294117647,0.8588235294117647,1.0,0.9193474429288561
presence_standard_scaler,231,0.9007261579275526,0.3601187090472794,471,71,0.15010570824524314,0.15074309978768577,0.9726027397260274,0.2059208702510085
robust_scaler,18,0.9028728438001598,0.9281301487462367,12,6,0.0759493670886076,0.5,0.0821917808219178,0.13371223444585587
raw_unscaled,94,0.9010149180805156,0.11228835067651664,995,15,0.014245014245014245,0.01507537688442211,0.2054794520547945,-0.005266036561160966
