,FeatureCluster_12,FeatureCluster_11,FeatureCluster_1,FeatureCluster_2,FeatureCluster_3,FeatureCluster_4,FeatureCluster_5,FeatureCluster_6,FeatureCluster_7,FeatureCluster_8,FeatureCluster_9,FeatureCluster_10
SampleCluster_0,0.002006169860284901,0.002012373439954072,0.002171014617380364,-0.0010319734542241432,0.0008481875106484985,-0.012745588993244874,-0.014097797947345015,-0.03825467821295609,-0.008150679008593899,0.00027611270424133784,-0.005400089437786328,0.0020564043766269505
SampleCluster_1,-0.10107798282367117,-0.10139054126234337,-0.10938344880445167,0.05199449814570404,-0.04273470772829105,0.6421681687281436,0.7102972719224001,1.927406937907568,0.4106602382686069,-0.013911541454789811,0.27207573907093285,-0.10360897667443776
