,FeatureCluster_12,FeatureCluster_11,FeatureCluster_1,FeatureCluster_2,FeatureCluster_3,FeatureCluster_4,FeatureCluster_5,FeatureCluster_6,FeatureCluster_7,FeatureCluster_8,FeatureCluster_9,FeatureCluster_10
SampleCluster_0,0.10308415268395607,0.10340291470229744,0.11155446342183203,-0.05302647159992818,0.043582895238939545,-0.6549137577213885,-0.7243950698697451,-1.965661616120524,-0.4188109172772008,0.014187654159031149,-0.27747582850871916,0.10566538105106471
SampleCluster_1,-0.10308415268395607,-0.10340291470229744,-0.11155446342183203,0.05302647159992818,-0.043582895238939545,0.6549137577213885,0.7243950698697451,1.965661616120524,0.4188109172772008,-0.014187654159031149,0.27747582850871916,-0.10566538105106471
