k,n_folds,mean_validation_within_distance,std_validation_within_distance,within_ci_lower_95,within_ci_upper_95,mean_validation_silhouette,std_validation_silhouette,silhouette_ci_lower_95,silhouette_ci_upper_95
2,10,58.42521979234584,1.4513598679312973,57.386979487772514,59.46346009691917,0.23762159656542603,0.005569798399308248,0.2336372028156165,0.24160599031523555
3,10,52.65516154604988,1.4883112725399812,51.59048779900442,53.71983529309534,0.13235253489537363,0.004993294552348891,0.12878054715380516,0.1359245226369421
4,10,49.988265091772185,1.0119663063695041,49.264348005901134,50.712182177643236,0.14494711335733595,0.003808777137242999,0.142222478328906,0.1476717483857659
5,10,48.3315354785457,1.1169066616163144,47.53254858483383,49.13052237225757,0.08696062874239843,0.005205153286696515,0.08323708639212418,0.09068417109267268
6,10,47.31045471086061,1.108713702416326,46.51732870709279,48.103580714628436,0.09529884706998219,0.005308911400392807,0.0915010806365248,0.09909661350343958
7,10,46.33969402518479,1.1022788880241197,45.55117121033107,47.12821684003851,0.09814968115403709,0.004736842099797971,0.09476114844545402,0.10153821386262016
8,10,45.393957353313255,1.1324312587913317,44.58386483179982,46.20404987482669,0.10018028789648356,0.005236974113589868,0.09643398229793745,0.10392659349502967
9,10,44.630483819957945,1.2094349043859294,43.7653062087835,45.49566143113239,0.10434286659065306,0.00708421302281815,0.09927512588141278,0.10941060729989334
10,10,43.83869586302545,1.0632352350704575,43.07810319494646,44.59928853110444,0.10773487451626455,0.005458632154373039,0.10383000430748027,0.11163974472504884
