requested_k,actual_n_clusters,overall_silhouette,minimum_cluster_fraction,minimum_cluster_mean_silhouette,cluster_size_ratio,admissible,admissibility_reason,activity_chi_square_p_value,activity_cramers_v,activity_nmi,activity_ari
2,2,0.6636114716529846,0.0010663822980538523,0.40242573618888855,936.75,False,at least one cluster is smaller than 5.0%,0.5017225830600069,0.010968689328734156,0.0005406844116274093,0.00021219217702920934
3,3,0.6291966438293457,0.00026659557451346307,0.0,3747.0,False,at least one cluster is smaller than 5.0%; at least one cluster has non-positive mean silhouette,0.42450931259324365,0.02137403921772832,0.0007995877782169328,0.0002119117539109842
4,4,0.59694904088974,0.00026659557451346307,0.0,3745.0,False,at least one cluster is smaller than 5.0%; at least one cluster has non-positive mean silhouette,0.2522336501049156,0.033008264236902986,0.001981155596693219,0.00041047830549736285
5,5,0.5535581111907959,0.00026659557451346307,0.0,3721.0,False,at least one cluster is smaller than 5.0%; at least one cluster has non-positive mean silhouette,0.31039205702742706,0.03570564754959993,0.0021265256112856326,0.0007711615260885485
6,6,0.5301738381385803,0.00026659557451346307,0.0,3720.0,False,at least one cluster is smaller than 5.0%; at least one cluster has non-positive mean silhouette,0.3089446319063987,0.03990152244228017,0.0026812620304988697,0.0008712321317698557
7,7,0.5164685845375061,0.00026659557451346307,0.0,3719.0,False,at least one cluster is smaller than 5.0%; at least one cluster has non-positive mean silhouette,0.338612970166279,0.04261418302618308,0.003107838360931433,0.0007860822025877235
8,8,0.5048540234565735,0.00026659557451346307,0.0,3717.0,False,at least one cluster is smaller than 5.0%; at least one cluster has non-positive mean silhouette,0.4471228185815789,0.04266171171626835,0.0030944048315179377,0.0008007063397639011
9,9,0.45915597677230835,0.00026659557451346307,0.0,3694.0,False,at least one cluster is smaller than 5.0%; at least one cluster has non-positive mean silhouette,0.23838937596615503,0.052642747831601576,0.004158651263560136,0.0016289777740090086
10,10,0.4244682490825653,0.00026659557451346307,0.0,3693.0,False,at least one cluster is smaller than 5.0%; at least one cluster has non-positive mean silhouette,0.26023993814959,0.054717461906943876,0.004555371009921539,0.0015420700091716827
