cluster,n_samples,sample_fraction,mean_silhouette,median_silhouette,minimum_silhouette,activity_1_fraction,activity_1_enrichment
0,3747,0.9989336177019461,0.6638903021812439,0.6961628794670105,-0.2946259379386902,0.5425673872431278,0.00031198868274395775
1,4,0.0010663822980538523,0.40242573618888855,0.4889731705188751,0.028919504955410957,0.25,-0.29225539856038385
