role_in_narrative,gower_configuration,numerical_block_weight,binary_block_weight,k,sigma_multiplier,sigma_reference_median,sigma,gower_silhouette_exact,spectral_silhouette_exact,eigengap,cluster_sizes,valid_cluster_sizes
classical_mixed_baseline,classical,,,2,2.0,0.1937503218650818,0.3875006437301636,0.3238230621763022,0.7495214493614166,0.020650506570370958,"[1058, 2693]",True
balanced_weighted_representative,weighted_alpha_0.5,0.5,0.5,4,0.5,0.43060219287872314,0.21530109643936157,0.1732687023183623,0.8376427455429823,0.07433816858123211,"[1056, 951, 1267, 477]",True
balanced_k2_macrostructure,weighted_alpha_0.5,0.5,0.5,2,0.5,0.43060219287872314,0.21530109643936157,0.15485536446834536,0.8857951034205684,0.10547801726343192,"[1428, 2323]",True
balanced_k3_intermediate_check,weighted_alpha_0.5,0.5,0.5,3,0.5,0.43060219287872314,0.21530109643936157,0.1585996757970826,0.6850734983044134,0.04034622363074611,"[1267, 1428, 1056]",True
balanced_k4_refinement,weighted_alpha_0.5,0.5,0.5,4,0.5,0.43060219287872314,0.21530109643936157,0.1732687023183623,0.8376427455429826,0.07433816858123214,"[1056, 1267, 477, 951]",True
