,alpha=0.4,alpha=0.5,alpha=0.6
alpha=0.4,1.0,0.9934136349275,0.9929125520311598
alpha=0.5,0.9934136349275,1.0,0.9994895951227943
alpha=0.6,0.9929125520311598,0.9994895951227943,1.0
