role,configuration,numerical_block_weight,binary_block_weight,k,sigma_reference_median,sigma_multiplier,sigma,gower_silhouette,spectral_silhouette,silhouettes_exact,eigengap,valid_cluster_sizes,minimum_cluster_size,maximum_cluster_size,cluster_sizes
quantile_classical_selected,quantile_classical,,,2,0.29382097721099854,2.0,0.5876419544219971,0.2159692160113493,0.6549434755832442,True,0.019032437045991293,True,1431,2320,"[2320, 1431]"
quantile_balanced_selected,quantile_weighted_alpha_0.5,0.5,0.5,4,0.4916748106479645,0.5,0.24583740532398224,0.14855106013423294,0.8026075566153152,True,0.05391130513010031,True,446,1267,"[1056, 1267, 982, 446]"
quantile_balanced_k2,quantile_weighted_alpha_0.5,0.5,0.5,2,0.4916748106479645,0.5,0.24583740532398224,0.14234366282815936,0.8535227049457773,True,0.11385196219199017,True,1428,2323,"[2323, 1428]"
quantile_balanced_k3,quantile_weighted_alpha_0.5,0.5,0.5,3,0.4916748106479645,0.5,0.24583740532398224,0.14509619348208935,0.6570788798790536,True,0.03689947081034092,True,1056,1428,"[1056, 1428, 1267]"
quantile_balanced_k4,quantile_weighted_alpha_0.5,0.5,0.5,4,0.4916748106479645,0.5,0.24583740532398224,0.14855106013423294,0.8026075566153152,True,0.05391130513010031,True,446,1267,"[1056, 1267, 982, 446]"
