,alpha=0.4,alpha=0.5,alpha=0.6
alpha=0.4,1.0,0.9840622552449603,0.9730513595792216
alpha=0.5,0.9840622552449603,1.0,0.9884958848891532
alpha=0.6,0.9730513595792216,0.9884958848891532,1.0
