,k4_cluster_0,k4_cluster_1,k4_cluster_2,k4_cluster_3
k2_cluster_0,54.54154111063281,45.4584588893672,0.0,0.0
k2_cluster_1,0.0,0.0,68.76750700280112,31.23249299719888
