,mixed_quantile_cluster_0,mixed_quantile_cluster_1,mixed_quantile_cluster_2,mixed_quantile_cluster_3
reference_cluster_0,43.3159073935773,23.450336071695297,2.9873039581777445,30.246452576549665
reference_cluster_1,28.8981288981289,41.78794178794179,25.363825363825367,3.9501039501039505
reference_cluster_2,7.663316582914573,39.321608040201006,53.015075376884425,0.0
reference_cluster_3,9.63302752293578,36.391437308868504,53.51681957186545,0.45871559633027525
