,mixed_quantile_cluster_0,mixed_quantile_cluster_1,mixed_quantile_cluster_2,mixed_quantile_cluster_3
reference_cluster_0,26.540284360189574,3.1279620853080567,39.62085308056872,30.71090047393365
reference_cluster_1,42.959917780061666,36.793422404933196,15.93011305241521,4.316546762589928
reference_cluster_2,28.41648590021692,5.965292841648591,45.119305856832966,20.498915401301517
reference_cluster_3,2.746566791510612,0.0,34.706616729088644,62.546816479400746
