,mixed_quantile_cluster_0,mixed_quantile_cluster_1
reference_cluster_0,58.21616871704746,41.78383128295255
reference_cluster_1,6.983050847457626,93.01694915254237
