,k4_cluster_0,k4_cluster_1,k4_cluster_2,k4_cluster_3
k2_cluster_0,28.148345784418353,25.960512273212377,24.546424759871933,21.344717182497334
k2_cluster_1,0.0,0.0,66.66666666666666,33.33333333333333
