,numeric_cluster_0,numeric_cluster_1,numeric_cluster_2
reference_cluster_0,53.27545382794001,14.83820047355959,31.886345698500396
reference_cluster_1,28.781512605042014,66.45658263305322,4.761904761904762
reference_cluster_2,26.136363636363637,3.2196969696969697,70.64393939393939
