cluster,0,1
0,40.053763440860216,59.946236559139784
1,48.19734345351044,51.802656546489565
