cluster,0,1
0,52.10084033613446,47.89915966386555
1,43.0939226519337,56.9060773480663
2,40.43560606060606,59.564393939393945
