k,mean_validation_within_variance,std_validation_within_variance,within_ci_lower_95,within_ci_upper_95,mean_validation_silhouette,std_validation_silhouette,silhouette_ci_lower_95,silhouette_ci_upper_95
2,58.05138653977904,33.91523510426897,56.94645789188093,59.18947688443259,0.2384232472143342,0.16240434215571453,0.23331148419264378,0.24375996886708676
3,52.2829457706348,36.383155756995315,51.11160338204406,53.48510249607946,0.133505568503719,0.14383203307425443,0.12904773630819727,0.13813793905018573
4,49.630976869731995,28.827609066206048,48.62924201378855,50.57517289141986,0.14619960660222162,0.13177853316292676,0.14200890714498618,0.15044306812944347
5,47.97988661581427,30.42620559447512,47.01450119198874,48.97984081890993,0.08857046300808212,0.10096716444154838,0.08539976613464262,0.09184409248245799
6,47.001507530208386,30.68146421915179,46.07947463541859,47.990630567070234,0.09569483183062531,0.09879301809665504,0.09257630513815814,0.09877643060550574
7,46.00976577030277,30.49129251134682,45.00989507098079,47.01806785330989,0.09957305522200172,0.0992208412325183,0.09621629108750601,0.10266428391345789
8,45.06113777794812,30.218545670578,44.092716868478924,46.06181870396526,0.1022856547004445,0.0983554407184319,0.0992845352327335,0.10540548896729053
9,44.26792866601145,29.785582615855873,43.32235784391144,45.242543271082575,0.10618501793849489,0.0973023151670394,0.1030688360663999,0.10941772009151243
10,43.48281739259112,29.54683450504951,42.595082423867225,44.4154577475613,0.11062137489865814,0.09584725279937845,0.10767815626238826,0.11373742225533305
