detector,flagged_samples,overlap_with_baseline_73,recall_of_baseline_73,precision_against_baseline_73,jaccard_with_baseline_73
IsolationForest,73,49,0.6712328767123288,0.6712328767123288,0.5051546391752577
Mahalanobis_LedoitWolf,73,47,0.6438356164383562,0.6438356164383562,0.47474747474747475
LocalOutlierFactor,73,28,0.3835616438356164,0.3835616438356164,0.23728813559322035
