baseline_small_cluster,outlier_consensus_count,fraction
0,0,0.9850462207721588
0,1,0.008700380641653072
0,3,0.004622077215878194
0,2,0.0016313213703099511
1,3,0.3698630136986301
1,0,0.3013698630136986
1,2,0.2602739726027397
1,1,0.0684931506849315
