metric,mean,std,ci_lower,ci_upper
mean_jaccard,0.20437034428929526,0.0007998546975020373,0.2040716736367332,0.20466901494185732
mean_smc,0.8184963707729469,0.0006477440966277067,0.8182544991522173,0.8187382423936765
pearson,0.4808002476126275,0.004016083798426541,0.47930061727656026,0.4822998779486948
spearman,0.4778436006587748,0.005561951171729705,0.475766733958902,0.4799204673586476
mean_absolute_difference,0.6141260264836517,0.0008526337307873505,0.6138076478161687,0.6144444051511346
