,k3_cluster_0,k3_cluster_1,k3_cluster_2
k2_cluster_0,100.0,0.0,0.0
k2_cluster_1,0.0,45.4584588893672,54.54154111063281
