row_cluster,target_value,observed_count,expected_count,standardized_residual,within_cluster_fraction
0,0,744,653.6592908557718,3.5335218085293474,0.5210084033613446
0,1,684,774.3407091442282,-3.2465152658644296,0.4789915966386555
1,0,368,404.188483071181,-1.8000244808780665,0.41676104190260477
1,1,515,478.811516928819,1.6538194109894373,0.5832389580973952
2,0,546,579.9624100239936,-1.4102580190815697,0.430939226519337
2,1,721,687.0375899760064,1.2957113146166166,0.569060773480663
3,0,59,79.18981604905359,-2.2688077395207222,0.34104046242774566
3,1,114,93.81018395094641,2.084526249105282,0.6589595375722543
