activity_chi2,activity_chi2_p_value,activity_chi2_dof,activity_cramers_v,activity_nmi,minimum_expected_frequency
42.16127825209656,3.7080771126852318e-09,3,0.1060189143400349,0.0059197394330650355,79.18981604905359
