row_cluster,n_rows,row_fraction,target_0_count,target_0_fraction,target_1_count,target_1_fraction
0,1428,0.38069848040522525,744,0.5210084033613446,684,0.4789915966386555
1,883,0.23540389229538788,368,0.41676104190260477,515,0.5832389580973952
2,1267,0.3377765929085577,546,0.430939226519337,721,0.569060773480663
3,173,0.04612103439082911,59,0.34104046242774566,114,0.6589595375722543
