role_in_narrative,distance,k,sigma_multiplier,sigma_reference_median,sigma,quantile_l1_silhouette_exact,spectral_silhouette_exact,eigengap,cluster_sizes,valid_cluster_sizes
numeric_selected,quantile_uniform_mean_l1,2,2.0,0.16240257024765015,0.3248051404953003,0.19368829752932448,0.6061474690692343,0.015952924777199787,"[2278, 1473]",True
numeric_k2_macrostructure,quantile_uniform_mean_l1,2,2.0,0.16240257024765015,0.3248051404953003,0.193423005506489,0.6061241646504519,0.015952924777199767,"[2276, 1475]",True
numeric_k3_intermediate_check,quantile_uniform_mean_l1,3,2.0,0.16240257024765015,0.3248051404953003,0.08905022869681684,0.4205501118688264,0.005175815345443906,"[1546, 1337, 868]",True
numeric_k4_refinement,quantile_uniform_mean_l1,4,2.0,0.16240257024765015,0.3248051404953003,0.06857637496268212,0.31592436910279653,0.0044236537179715985,"[796, 1339, 962, 654]",True
