,k3_cluster_0,k3_cluster_1,k3_cluster_2
k2_cluster_0,61.291739894551846,38.708260105448154,0.0
k2_cluster_1,10.23728813559322,30.91525423728814,58.84745762711865
