,numeric_cluster_0,numeric_cluster_1,numeric_cluster_2
reference_cluster_0,74.50980392156863,1.400560224089636,24.089635854341736
reference_cluster_1,6.534090909090909,52.46212121212122,41.003787878787875
reference_cluster_2,32.59668508287293,23.204419889502763,44.19889502762431
