,numeric_cluster_0,numeric_cluster_1,numeric_cluster_2,numeric_cluster_3
reference_cluster_0,79.43127962085308,1.3270142180094786,3.7914691943127963,15.450236966824646
reference_cluster_1,3.1860226104830422,86.53648509763617,5.65262076053443,4.6248715313463515
reference_cluster_2,0.0,52.16919739696312,24.620390455531453,23.210412147505423
reference_cluster_3,11.610486891385769,0.24968789013732834,41.4481897627965,46.6916354556804
