delta,h_score,n_rows,n_features,volume,zero_fraction,binary_feature_fraction,activity_1_fraction
0.01,0.00999237722786522,3165,1251,3959415,0.8675099730642026,0.45643485211830537,0.5317535545023697
