pca_variance_threshold,n_components,retained_variance,silhouette,ari_vs_primary_partition,inertia
0.8,45,0.8026063350902073,0.12299514448986516,1.0,13691.276896991249
0.9,94,0.9010149180805155,0.11228835067651669,1.0,15547.292616618086
0.95,153,0.9500855686447277,0.1073241284267563,1.0,16473.03562228405
