representation,n_components,retained_variance,silhouette,ari_vs_raw_partition,minimum_cluster_fraction,inertia
raw,94,0.9010149180805155,0.11228835067651669,1.0,0.26526259664089574,15547.292616618086
standard,156,0.9008387168888172,0.6872577303418684,-0.005266036561160966,0.019461476939482806,2133126.551926123
robust,18,0.9028728438001598,0.9281301487462369,-0.004036236007462659,0.003199146894161557,917358.7001402302
