method,n_row_clusters,n_column_clusters,seed,mean_row_ari_to_other_seeds,mean_column_ari_to_other_seeds,mean_combined_ari_to_other_seeds
scale,4,8,42,1.0,0.9885190624682254,0.9942595312341127
scale,4,8,2026,1.0,0.9874521894616333,0.9937260947308166
scale,4,8,99,1.0,0.986938350596818,0.9934691752984091
scale,4,8,7,1.0,0.9855191120491695,0.9927595560245848
scale,4,8,123,1.0,0.9813332700443309,0.9906666350221655
